{"Model":"RandomForest","MSE":1.1925203278,"MAE":0.8366100331,"R2":-0.0798726355}
{"Model":"Ridge","MSE":1.1029054672,"MAE":0.8459871047,"R2":0.0012770383}
{"Model":"KNN","MSE":1.1961821909,"MAE":0.8591070446,"R2":-0.0831885923}
